Brown,Mia,31.35
LaRotonda,William,25.3
Steans,Tyrone,31.900000000000002
Howard,Estelle,23.650000000000002
Singh,Nan,18.216
Smith,Leigh Ann,22.55
LeBlanc,Brandon  R,60.50000000000001
Quinn,Sean,60.50000000000001
Boutwell,Bonalyn,38.44500000000001
Foster-Baker,Amy,38.44500000000001
